"microsoft/vscode",65264,"alexr00",true
"microsoft/vscode",65264,"lszomoru",true
"microsoft/vscode",136572,"dbaeumer",true
"microsoft/vscode",136572,"jrieken",true
"microsoft/vscode",136633,"Tyriar",true
"microsoft/vscode",136633,"meganrogge",true
"microsoft/vscode",149952,"Tyriar",true
"microsoft/vscode",149952,"brl0",true
"microsoft/vscode",149952,"id-ekaagr",true
"microsoft/vscode",149952,"lionel42",true
"microsoft/vscode",149952,"lramos15",true
"microsoft/vscode",157318,"a-stewart",false
"microsoft/vscode",157318,"benibenj",true
"microsoft/vscode",157318,"lszomoru",true
"microsoft/vscode",173203,"Tyriar",true
"microsoft/vscode",173203,"aeschli",true
"microsoft/vscode",173203,"hediet",false
"microsoft/vscode",181760,"Legend-Master",false
"microsoft/vscode",181760,"Tyriar",false
"microsoft/vscode",181760,"alexr00",true
"microsoft/vscode",181760,"dbaeumer",false
"microsoft/vscode",181760,"meganrogge",true
"microsoft/vscode",184884,"Tyriar",true
"microsoft/vscode",184884,"conorpo",true
"microsoft/vscode",184884,"lramos15",true
"microsoft/vscode",184884,"vanyeu111",true
"microsoft/vscode",187850,"lramos15",true
"microsoft/vscode",187850,"lszomoru",true
"microsoft/vscode",187850,"zardoy",false
"microsoft/vscode",190096,"TylerLeonhardt",true
"microsoft/vscode",190096,"jrieken",true
"microsoft/vscode",192172,"Tyriar",true
"microsoft/vscode",192172,"llgcode",true
"microsoft/vscode",192172,"lszomoru",true
"microsoft/vscode",193848,"Tyriar",true
"microsoft/vscode",193848,"bpasero",true
"microsoft/vscode",193848,"sheetalkamat",false
"microsoft/vscode",194804,"Tyriar",true
"microsoft/vscode",194804,"lszomoru",true
"microsoft/vscode",197536,"Tyriar",true
"microsoft/vscode",197536,"meganrogge",true
"microsoft/vscode",202618,"Tyriar",true
"microsoft/vscode",202618,"ulugbekna",true
"microsoft/vscode",202622,"kieferrm",false
"microsoft/vscode",202622,"lramos15",true
"microsoft/vscode",202622,"roblourens",false
"microsoft/vscode",202622,"rzhao271",true
"microsoft/vscode",204430,"meganrogge",true
"microsoft/vscode",204430,"roblourens",true
"microsoft/vscode",204430,"sandy081",false
"microsoft/vscode",204665,"lszomoru",true
"microsoft/vscode",204665,"mjbvz",false
"microsoft/vscode",204665,"navya9singh",false
"microsoft/vscode",205225,"Sprocketer",true
"microsoft/vscode",205225,"Zynocs",true
"microsoft/vscode",205225,"aayushProvusInc",true
"microsoft/vscode",205225,"alexdima",true
"microsoft/vscode",205225,"benibenj",true
"microsoft/vscode",205225,"epmiranda",true
"microsoft/vscode",205225,"gjsjohnmurray",false
"microsoft/vscode",205225,"jstm88",true
"microsoft/vscode",205225,"phaberest",true
"microsoft/vscode",205227,,true
"microsoft/vscode",205227,"gjsjohnmurray",false
"microsoft/vscode",205227,"lszomoru",true
"microsoft/vscode",205227,"mjbvz",true
"microsoft/vscode",205914,"Tyriar",true
"microsoft/vscode",205914,"andreamah",true
"microsoft/vscode",205914,"mkasenberg",false
"microsoft/vscode",206033,"amunger",true
"microsoft/vscode",206033,"andreamah",true
"microsoft/vscode",207721,"Tyriar",true
"microsoft/vscode",207721,"abhijit-chikane",true
"microsoft/vscode",207721,"benibenj",true
"microsoft/vscode",207721,"bilogic",true
"microsoft/vscode",207721,"bpasero",true
"microsoft/vscode",208550,"alexdima",true
"microsoft/vscode",208550,"bpasero",true
"microsoft/vscode",208713,"alexdima",true
"microsoft/vscode",208713,"mjbvz",true
"microsoft/vscode",208908,"alexdima",true
"microsoft/vscode",208908,"dbaeumer",false
"microsoft/vscode",209011,"aeschli",false
"microsoft/vscode",209011,"rzhao271",true
"microsoft/vscode",209022,"deepak1556",true
"microsoft/vscode",209022,"jrieken",true
"microsoft/vscode",209066,"hediet",true
"microsoft/vscode",209066,"meganrogge",false
"microsoft/vscode",209077,"TylerLeonhardt",true
"microsoft/vscode",209077,"justschen",false
"microsoft/vscode",209118,"amunger",true
"microsoft/vscode",209118,"meganrogge",true
"microsoft/vscode",209125,"TylerLeonhardt",true
"microsoft/vscode",209130,"isidorn",true
"microsoft/vscode",209131,"DeltaRazero",false
"microsoft/vscode",209131,"aeschli",true
"microsoft/vscode",209131,"alexr00",true
"microsoft/vscode",209131,"connor4312",false
"microsoft/vscode",209131,"rzhao271",false
"microsoft/vscode",209136,"Tyriar",true
"microsoft/vscode",209136,"cpendery",false
"microsoft/vscode",209136,"lramos15",true
"microsoft/vscode",209142,"meganrogge",true
"microsoft/vscode",209160,"lszomoru",true
"microsoft/vscode",209160,"roblourens",true
"microsoft/vscode",209160,"songjianet",true
"microsoft/vscode",209162,"benibenj",true
"microsoft/vscode",209162,"bpasero",true
"microsoft/vscode",209211,"mjbvz",true
"microsoft/vscode",209211,"sandy081",true
"microsoft/vscode",209211,"swordensen",false
"microsoft/vscode",209240,"Tyriar",true
"microsoft/vscode",209241,"kalebers",true
"microsoft/vscode",209241,"rzhao271",true
"microsoft/vscode",209258,"meganrogge",true
"microsoft/vscode",209259,"amunger",true
"microsoft/vscode",209260,"Tyriar",true
"microsoft/vscode",209261,"meganrogge",true
"microsoft/vscode",209263,"Tyriar",true
"microsoft/vscode",209265,"Tyriar",true
"microsoft/vscode",209266,"Tyriar",true
"microsoft/vscode",209268,"rzhao271",true
"microsoft/vscode",209269,"rzhao271",true
"microsoft/vscode",209270,"rzhao271",true
"microsoft/vscode",209271,"meganrogge",true
"microsoft/vscode",209273,"rzhao271",true
"microsoft/vscode",209277,"meganrogge",true
"microsoft/vscode",209278,"justschen",true
"microsoft/vscode",209282,"rebornix",true
"microsoft/vscode",209283,"Tyriar",true
"microsoft/vscode",209283,"meganrogge",false
"microsoft/vscode",209287,"lszomoru",true
"microsoft/vscode",209292,"Tyriar",true
"microsoft/vscode",209292,"meganrogge",false
"microsoft/vscode",209293,"Brianm93",true
"microsoft/vscode",209293,"lramos15",true
"microsoft/vscode",209293,"mjbvz",true
"microsoft/vscode",209294,"meganrogge",true
"microsoft/vscode",209295,"TylerLeonhardt",true
"microsoft/vscode",209298,"TylerLeonhardt",true
"microsoft/vscode",209300,"sbatten",true
"microsoft/vscode",209303,"connor4312",true
"microsoft/vscode",209303,"songjianet",true
"microsoft/vscode",209306,"joyceerhl",true
"microsoft/vscode",209310,"Tyriar",true
"microsoft/vscode",209310,"meganrogge",true
"microsoft/vscode",209314,"deepak1556",true
"microsoft/vscode",209319,"DonJayamanne",false
"microsoft/vscode",209319,"jrieken",true
"microsoft/vscode",209319,"kalebers",true
"microsoft/vscode",209327,"jrieken",true
"microsoft/vscode",209329,"jrieken",true
"microsoft/vscode",209330,"deepak1556",true
"microsoft/vscode",209332,"sandy081",true
"microsoft/vscode",209336,"deepak1556",true
"microsoft/vscode",209339,"DonJayamanne",false
"microsoft/vscode",209339,"sandy081",true
"microsoft/vscode",209343,"lszomoru",true
"microsoft/vscode",209344,"jrieken",true
"microsoft/vscode",209345,"ulugbekna",true
"microsoft/vscode",209346,"Tyriar",true
"microsoft/vscode",209357,"lramos15",true
"microsoft/vscode",209357,"meganrogge",true
"microsoft/vscode",209358,"mjbvz",true
"microsoft/vscode",209359,"meganrogge",true
"microsoft/vscode",209362,"DonJayamanne",true
"microsoft/vscode",209364,"rzhao271",true
"microsoft/vscode",209365,"rzhao271",true
"microsoft/vscode",209370,"aeschli",true
"microsoft/vscode",209371,"aeschli",true
"microsoft/vscode",209372,"aeschli",true
"microsoft/vscode",209373,"Tyriar",true
"microsoft/vscode",209376,"meganrogge",true
"microsoft/vscode",209385,"DonJayamanne",true
"microsoft/vscode",209385,"Tyriar",false
"microsoft/vscode",209385,"meganrogge",false
"microsoft/vscode",209387,"sbatten",true
"microsoft/vscode",209389,"sbatten",true
"microsoft/vscode",209410,"aeschli",true
"microsoft/vscode",209414,"dbaeumer",true
"microsoft/vscode",209416,"cklim24",true
"microsoft/vscode",209416,"jrieken",true
"microsoft/vscode",209419,"deepak1556",true
"microsoft/vscode",209421,"lszomoru",true
"microsoft/vscode",209425,"lramos15",true
"microsoft/vscode",209429,"deepak1556",true
"microsoft/vscode",209431,"lszomoru",true
"microsoft/vscode",209442,"Tyriar",false
"microsoft/vscode",209442,"benibenj",false
"microsoft/vscode",209442,"joyceerhl",true
"microsoft/vscode",209449,"Tyriar",true
"microsoft/vscode",209451,"lszomoru",true
"microsoft/vscode",209452,"rzhao271",true
"microsoft/vscode",209454,"lszomoru",true
"microsoft/vscode",209456,"jrieken",true
"microsoft/vscode",209457,"lszomoru",true
"microsoft/vscode",209461,"rebornix",true
"microsoft/vscode",209462,"connor4312",true
"microsoft/vscode",209464,"Tyriar",true
"microsoft/vscode",209466,"Tyriar",true
"microsoft/vscode",209467,"Tyriar",true
"microsoft/vscode",209469,"meganrogge",true
"microsoft/vscode",209471,"Tyriar",true
"microsoft/vscode",209477,"Tyriar",true
"microsoft/vscode",209480,"amunger",true
"microsoft/vscode",209486,"hediet",false
"microsoft/vscode",209486,"isidorn",true
"microsoft/vscode",209486,"meganrogge",false
"microsoft/vscode",209489,"aeschli",true
"microsoft/vscode",209490,"meganrogge",true
"microsoft/vscode",209493,"DonJayamanne",false
"microsoft/vscode",209493,"Tyriar",true
"microsoft/vscode",209493,"Yoyokrazy",false
"microsoft/vscode",209495,"rzhao271",true
"microsoft/vscode",209497,"joyceerhl",true
"microsoft/vscode",209498,"lramos15",true
"microsoft/vscode",209499,"rebornix",true
"microsoft/vscode",209501,"joyceerhl",true
"microsoft/vscode",209510,"Tyriar",false
"microsoft/vscode",209510,"meganrogge",true
"microsoft/vscode",209510,"rzhao271",true
"microsoft/vscode",209512,"alexr00",true
"microsoft/vscode",209512,"chrmarti",true
"microsoft/vscode",209512,"mjbvz",false
"microsoft/vscode",209513,"jrieken",true
"microsoft/vscode",209516,"connor4312",true
"microsoft/vscode",209516,"jrieken",false
"microsoft/vscode",209524,"WilmarE",false
"microsoft/vscode",209524,"jrieken",true
"microsoft/vscode",209526,"alexr00",true
"microsoft/vscode",209527,"jrieken",true
"microsoft/vscode",209528,"jrieken",true
"microsoft/vscode",209529,"chrmarti",true
"microsoft/vscode",209532,"alexr00",true
"microsoft/vscode",209542,"hediet",true
"microsoft/vscode",209542,"kalebers",true
"microsoft/vscode",209544,"aeschli",true
"microsoft/vscode",209546,"aeschli",true
"microsoft/vscode",209548,"aeschli",true
"microsoft/vscode",209550,"aeschli",true
"microsoft/vscode",209550,"meganrogge",false
"microsoft/vscode",209553,"Tyriar",true
"microsoft/vscode",209555,"lramos15",true
"microsoft/vscode",209556,"lramos15",true
"microsoft/vscode",209557,"lramos15",true
"microsoft/vscode",209558,"lramos15",true
"microsoft/vscode",209559,"lramos15",true
"microsoft/vscode",209563,"TylerLeonhardt",true
"microsoft/vscode",209563,"deepak1556",false
"microsoft/vscode",209563,"rzhao271",true
"microsoft/vscode",209570,"lramos15",true
"microsoft/vscode",209574,"Tyriar",true
"microsoft/vscode",209577,"Yoyokrazy",true
"microsoft/vscode",209578,"connor4312",true
"microsoft/vscode",209579,"connor4312",true
"microsoft/vscode",209583,"Yoyokrazy",true
"microsoft/vscode",209588,"TylerLeonhardt",true
"microsoft/vscode",209590,"joyceerhl",true
"microsoft/vscode",209591,"joyceerhl",true
"microsoft/vscode",209592,"meganrogge",true
"microsoft/vscode",209604,"chrmarti",true
"microsoft/vscode",209605,"Tyriar",true
"microsoft/vscode",209605,"alexdima",true
"microsoft/vscode",209612,"abhijit-chikane",false
"microsoft/vscode",209612,"jrieken",true
"microsoft/vscode",209620,"rzhao271",true
"microsoft/vscode",209628,"chrmarti",false
"microsoft/vscode",209628,"lramos15",true
"microsoft/vscode",209630,"jrieken",true
"microsoft/vscode",209631,"Tyriar",true
"microsoft/vscode",209634,"bpasero",true
"microsoft/vscode",209634,"hediet",true
"microsoft/vscode",209636,"Tyriar",true
"microsoft/vscode",209636,"jrieken",true
"microsoft/vscode",209637,"Tyriar",true
"microsoft/vscode",209637,"chrmarti",true
"microsoft/vscode",209643,"alexr00",true
"microsoft/vscode",209647,"Tyriar",true
"microsoft/vscode",209660,"rzhao271",true
"microsoft/vscode",209672,"Yoyokrazy",true
"microsoft/vscode",209674,"Yoyokrazy",true
"microsoft/vscode",209676,"Yoyokrazy",true
"microsoft/vscode",209676,"songjianet",true
"microsoft/vscode",209680,"meganrogge",true
"microsoft/vscode",209681,"TylerLeonhardt",true
"microsoft/vscode",209681,"benibenj",true
"microsoft/vscode",209681,"bpasero",false
"microsoft/vscode",209685,"TylerLeonhardt",true
"microsoft/vscode",209686,"meganrogge",true
"microsoft/vscode",209687,"Tyriar",true
"microsoft/vscode",209691,"rzhao271",true
"microsoft/vscode",209692,"rzhao271",true
"microsoft/vscode",209694,"rzhao271",true
"microsoft/vscode",209700,"bpasero",true
"microsoft/vscode",209702,"meganrogge",true
"microsoft/vscode",209703,"FLORENZE90",true
"microsoft/vscode",209703,"Tyriar",true
"microsoft/vscode",209703,"roblourens",true
"microsoft/vscode",209709,"alexr00",true
"microsoft/vscode",209711,"Tyriar",true
"microsoft/vscode",209711,"meganrogge",true
"microsoft/vscode",209739,"bpasero",true
"microsoft/vscode",209740,"bpasero",true
"microsoft/vscode",209763,"bpasero",true
"microsoft/vscode",209778,"chrmarti",true
"microsoft/vscode",209778,"lszomoru",false
"microsoft/vscode",209779,"lszomoru",true
"microsoft/vscode",209788,"bpasero",true
"microsoft/vscode",209813,"lszomoru",true
"microsoft/vscode",209818,"MoazzemHossain-bot",false
"microsoft/vscode",209818,"bpasero",true
"microsoft/vscode",209819,"chrmarti",true
"microsoft/vscode",209821,"Tyriar",true
"microsoft/vscode",209821,"alexr00",false
"microsoft/vscode",209824,"jrieken",true
"microsoft/vscode",209826,"dbaeumer",true
"microsoft/vscode",209832,"Tyriar",true
"microsoft/vscode",209833,"jrieken",true
"microsoft/vscode",209834,"Tyriar",true
"microsoft/vscode",209835,"Tyriar",true
"microsoft/vscode",209836,"Tyriar",true
"microsoft/vscode",209837,"bpasero",true
"microsoft/vscode",209838,"benibenj",true
"microsoft/vscode",209841,"lszomoru",true
"microsoft/vscode",209847,"bpasero",true
"microsoft/vscode",209850,"bpasero",true
"microsoft/vscode",209851,"Hellothuy1",true
"microsoft/vscode",209851,"rzhao271",true
"microsoft/vscode",209853,"benibenj",true
"microsoft/vscode",209854,"Tyriar",true
"microsoft/vscode",209854,"andreamah",true
"microsoft/vscode",209856,"benibenj",true
"microsoft/vscode",209857,"joaomoreno",true
"microsoft/vscode",209866,"Tyriar",true
"microsoft/vscode",209869,"lramos15",true
"microsoft/vscode",209872,"Tyriar",true
"microsoft/vscode",209872,"mjbvz",true
"microsoft/vscode",209873,"rzhao271",true
"microsoft/vscode",209875,"roblourens",true
"microsoft/vscode",209878,"roblourens",true
"microsoft/vscode",209881,"bpasero",true
"microsoft/vscode",209882,"lramos15",true
"microsoft/vscode",209883,"lramos15",false
"microsoft/vscode",209883,"roblourens",true
"microsoft/vscode",209886,"rzhao271",true
"microsoft/vscode",209887,"meganrogge",true
"microsoft/vscode",209893,"chrmarti",true
"microsoft/vscode",209893,"roblourens",true
"microsoft/vscode",209897,"rzhao271",true
"microsoft/vscode",209898,"rzhao271",true
"microsoft/vscode",209899,"rzhao271",true
"microsoft/vscode",209900,"deepak1556",true
"microsoft/vscode",209913,"aeschli",true
"microsoft/vscode",209924,"benibenj",true
"microsoft/vscode",209928,"dbaeumer",true
"microsoft/vscode",209929,"jrieken",true
"microsoft/vscode",209930,"bpasero",true
"microsoft/vscode",209932,"sandy081",true
"microsoft/vscode",209933,"Tyriar",true
"microsoft/vscode",209940,"alexr00",true
"microsoft/vscode",209942,"jrieken",true
"microsoft/vscode",209946,"Tyriar",false
"microsoft/vscode",209946,"meganrogge",true
"microsoft/vscode",209947,"bpasero",false
"microsoft/vscode",209947,"joaomoreno",true
"microsoft/vscode",209950,"aeschli",true
"microsoft/vscode",209955,"isidorn",true
"microsoft/vscode",209958,"chrmarti",true
"microsoft/vscode",209959,"bpasero",true
"microsoft/vscode",209960,"meganrogge",true
"microsoft/vscode",209961,"hediet",false
"microsoft/vscode",209961,"sandy081",true
"microsoft/vscode",209965,"joyceerhl",true
"microsoft/vscode",209965,"mjbvz",false
"microsoft/vscode",209966,"Tyriar",true
"microsoft/vscode",209968,"roblourens",true
"microsoft/vscode",209970,"lszomoru",true
"microsoft/vscode",209971,"Tyriar",true
"microsoft/vscode",209973,"Tyriar",true
"microsoft/vscode",209975,"rzhao271",true
"microsoft/vscode",209977,"alexr00",true
"microsoft/vscode",209977,"meganrogge",false
"microsoft/vscode",209980,"roblourens",true
"microsoft/vscode",209983,"joyceerhl",true
"microsoft/vscode",209983,"lramos15",false
"microsoft/vscode",209984,"digitarald",false
"microsoft/vscode",209984,"lramos15",true
"microsoft/vscode",209985,"amunger",true
"microsoft/vscode",209988,"Tyriar",true
"microsoft/vscode",209990,"alexdima",true
"microsoft/vscode",209990,"andreamah",true
"microsoft/vscode",209993,"joyceerhl",true
"microsoft/vscode",209995,"andreamah",true
"microsoft/vscode",209997,"andreamah",true
"microsoft/vscode",209999,"alexr00",true
"microsoft/vscode",209999,"roblourens",true
"microsoft/vscode",210002,"DonJayamanne",true
"microsoft/vscode",210003,"DonJayamanne",true
"microsoft/vscode",210004,"chrmarti",true
"microsoft/vscode",210005,"bpasero",true
"microsoft/vscode",210010,"chrmarti",true
"microsoft/vscode",210011,"chrmarti",true
"microsoft/vscode",210016,"aeschli",true
"microsoft/vscode",210016,"bpasero",false
"microsoft/vscode",210016,"kalebers",true
"microsoft/vscode",210025,"sandy081",true
"microsoft/vscode",210031,"alexdima",true
"microsoft/vscode",210040,"lszomoru",true
"microsoft/vscode",210055,"lszomoru",true
"microsoft/vscode",210058,"aeschli",false
"microsoft/vscode",210058,"lramos15",true
"microsoft/vscode",210063,"bpasero",true
"microsoft/vscode",210069,"amunger",true
"microsoft/vscode",210070,"alexr00",true
"microsoft/vscode",210071,"Tyriar",true
"microsoft/vscode",210072,"jrieken",true
"microsoft/vscode",210074,"EMMANUEL2811UNITEC",true
"microsoft/vscode",210074,"Konteng22",true
"microsoft/vscode",210074,"deepak1556",true
"microsoft/vscode",210094,"hediet",true
"microsoft/vscode",210095,"roblourens",true
"microsoft/vscode",210097,"Tyriar",true
"microsoft/vscode",210103,"Tyriar",true
"microsoft/vscode",210113,"mjbvz",true
"microsoft/vscode",210116,"alexr00",false
"microsoft/vscode",210116,"meganrogge",false
"microsoft/vscode",210116,"mjbvz",false
"microsoft/vscode",210116,"rzhao271",true
"microsoft/vscode",210118,"TylerLeonhardt",false
"microsoft/vscode",210118,"roblourens",true
"microsoft/vscode",210124,"DonJayamanne",true
"microsoft/vscode",210126,"DonJayamanne",true
"microsoft/vscode",210128,"bpasero",true
"microsoft/vscode",210135,"jrieken",true
"microsoft/vscode",210135,"sandy081",true
"microsoft/vscode",210140,"DonJayamanne",true
"microsoft/vscode",210142,"rzhao271",true
"microsoft/vscode",210156,"jrieken",true
"microsoft/vscode",210157,"alexr00",true
"microsoft/vscode",210162,"sandy081",true
"microsoft/vscode",210167,"jrieken",true
"microsoft/vscode",210174,"benibenj",true
"microsoft/vscode",210174,"bpasero",true
"microsoft/vscode",210177,"Tyriar",true
"microsoft/vscode",210178,"chrmarti",true
"microsoft/vscode",210178,"roblourens",true
"microsoft/vscode",210187,"rzhao271",true
"microsoft/vscode",210192,"Tyriar",true
"microsoft/vscode",210194,"joyceerhl",true
"microsoft/vscode",210199,"Tyriar",true
"microsoft/vscode",210199,"rzhao271",false
"microsoft/vscode",210210,"deepak1556",true
"microsoft/vscode",210212,"chrmarti",true
"microsoft/vscode",210213,"DonJayamanne",false
"microsoft/vscode",210213,"amunger",true
"microsoft/vscode",210217,"bpasero",true
"microsoft/vscode",210219,"bpasero",true
"microsoft/vscode",210220,"lszomoru",true
"microsoft/vscode",210226,"sandy081",true
"microsoft/vscode",210232,"chrmarti",true
"microsoft/vscode",210239,"Tyriar",false
"microsoft/vscode",210239,"meganrogge",true
"microsoft/vscode",210247,"LTBD-Admin",false
"microsoft/vscode",210247,"meganrogge",true
"microsoft/vscode",210250,"meganrogge",true
"microsoft/vscode",210251,"Tyriar",true
"microsoft/vscode",210251,"bpasero",false
"microsoft/vscode",210260,"meganrogge",true
"microsoft/vscode",210261,"Tyriar",true
"microsoft/vscode",210264,"rzhao271",true
"microsoft/vscode",210265,"joyceerhl",false
"microsoft/vscode",210265,"sandy081",true
"microsoft/vscode",210269,"meganrogge",false
"microsoft/vscode",210269,"sandy081",true
"microsoft/vscode",210270,"sandy081",true
"microsoft/vscode",210271,"aeschli",true
"microsoft/vscode",210271,"alexdima",true
"microsoft/vscode",210271,"gjsjohnmurray",false
"microsoft/vscode",210271,"pouyakary",false
"microsoft/vscode",210279,"rzhao271",true
"microsoft/vscode",210279,"sandy081",true
"microsoft/vscode",210280,"sandy081",true
"microsoft/vscode",210281,"sandy081",true
"microsoft/vscode",210289,"Tyriar",true
"microsoft/vscode",210289,"meganrogge",true
"microsoft/vscode",210315,"kalebers",true
"microsoft/vscode",210315,"lramos15",true
"microsoft/vscode",210315,"roblourens",false
"microsoft/vscode",210316,"TylerLeonhardt",true
"microsoft/vscode",210327,"bpasero",true
"microsoft/vscode",210327,"hediet",true
"microsoft/vscode",210349,"aiday-mar",true
"microsoft/vscode",210349,"jrieken",true
"microsoft/vscode",210350,"bpasero",true
"microsoft/vscode",210381,"hediet",true
"microsoft/vscode",210386,"amunger",true
"microsoft/vscode",210388,"Tyriar",true
"microsoft/vscode",210390,"Tyriar",true
"microsoft/vscode",210398,"bpasero",true
"microsoft/vscode",210408,"TylerLeonhardt",true
"microsoft/vscode",210409,"meganrogge",true
"microsoft/vscode",210414,"rzhao271",true
"microsoft/vscode",210416,"mjbvz",true
"microsoft/vscode",210418,"connor4312",true
"microsoft/vscode",210423,"deepak1556",true
"microsoft/vscode",210425,"deepak1556",true
"microsoft/vscode",210430,"Tyriar",true
"microsoft/vscode",210442,"lszomoru",true
"microsoft/vscode",210443,"Tyriar",true
"microsoft/vscode",210443,"benibenj",true
"microsoft/vscode",210449,"lszomoru",true
"microsoft/vscode",210450,"lszomoru",true
"microsoft/vscode",210451,"aiday-mar",true
"microsoft/vscode",210451,"lszomoru",false
"microsoft/vscode",210466,"lszomoru",true
"microsoft/vscode",210471,"bpasero",true
"microsoft/vscode",210472,"aiday-mar",false
"microsoft/vscode",210472,"hediet",true
"microsoft/vscode",210473,"Tyriar",true
"microsoft/vscode",210473,"joyceerhl",false
"microsoft/vscode",210473,"roblourens",false
"microsoft/vscode",210479,"connor4312",true
"microsoft/vscode",210480,"connor4312",true
"microsoft/vscode",210481,"rzhao271",true
"microsoft/vscode",210483,"chrmarti",true
"microsoft/vscode",210487,"roblourens",true
"microsoft/vscode",210488,"connor4312",false
"microsoft/vscode",210488,"joyceerhl",true
"microsoft/vscode",210489,"aeschli",true
"microsoft/vscode",210490,"bpasero",true
"microsoft/vscode",210491,"mjbvz",true
"microsoft/vscode",210493,"amunger",false
"microsoft/vscode",210493,"bpasero",true
"microsoft/vscode",210495,"Tyriar",true
"microsoft/vscode",210495,"rzhao271",true
"microsoft/vscode",210501,"bpasero",true
"microsoft/vscode",210507,"amunger",true
"microsoft/vscode",210507,"meganrogge",false
"microsoft/vscode",210508,"amunger",false
"microsoft/vscode",210508,"karthiknadig",true
"microsoft/vscode",210511,"Tyriar",true
"microsoft/vscode",210513,"Tyriar",true
"microsoft/vscode",210513,"bhavyaus",true
"microsoft/vscode",210521,"kalebers",true
"microsoft/vscode",210521,"lszomoru",true
"microsoft/vscode",210534,"chrmarti",true
"microsoft/vscode",210539,"alexr00",true
"microsoft/vscode",210543,"alexr00",true
"microsoft/vscode",210543,"lszomoru",false
"microsoft/vscode",210550,"chrmarti",true
"microsoft/vscode",210550,"joaomoreno",false
"microsoft/vscode",210553,"lszomoru",true
"microsoft/vscode",210561,"alexr00",true
"microsoft/vscode",210564,"sandy081",true
"microsoft/vscode",210565,"Tyriar",true
"microsoft/vscode",210566,"sandy081",true
"microsoft/vscode",210570,"Tyriar",true
"microsoft/vscode",210574,"benibenj",true
"microsoft/vscode",210574,"chrmarti",true
"microsoft/vscode",210576,"justschen",true
"microsoft/vscode",210578,"justschen",true
"microsoft/vscode",210580,"Tyriar",true
"microsoft/vscode",210582,"connor4312",true
"microsoft/vscode",210582,"meganrogge",false
"microsoft/vscode",210583,"rzhao271",true
"microsoft/vscode",210589,"bpasero",true
"microsoft/vscode",210589,"jrieken",true
"microsoft/vscode",210589,"meganrogge",false
"microsoft/vscode",210594,"Tyriar",true
"microsoft/vscode",210596,"meganrogge",true
"microsoft/vscode",210600,"bhavyaus",true
"microsoft/vscode",210600,"rzhao271",true
"microsoft/vscode",210601,"TylerLeonhardt",true
"microsoft/vscode",210601,"meganrogge",true
"microsoft/vscode",210602,"rzhao271",true
"microsoft/vscode",210611,"TylerLeonhardt",true
"microsoft/vscode",210612,"bpasero",true
"microsoft/vscode",210615,"jrieken",true
"microsoft/vscode",210628,"sandy081",true
"microsoft/vscode",210632,"benibenj",true
"microsoft/vscode",210634,"bpasero",true
"microsoft/vscode",210634,"chrmarti",true
"microsoft/vscode",210641,"hediet",true
"microsoft/vscode",210645,"alexr00",true
"microsoft/vscode",210645,"chrmarti",true
"microsoft/vscode",210659,"jrieken",true
"microsoft/vscode",210659,"meganrogge",false
"microsoft/vscode",210669,"sandy081",true
"microsoft/vscode",210675,"Tyriar",true
"microsoft/vscode",210675,"meganrogge",true
"microsoft/vscode",210676,"Tyriar",true
"microsoft/vscode",210679,"bpasero",true
"microsoft/vscode",210680,"rzhao271",true
"microsoft/vscode",210683,"bpasero",true
"microsoft/vscode",210684,"chrmarti",true
"microsoft/vscode",210688,"connor4312",true
"microsoft/vscode",210688,"meganrogge",true
"microsoft/vscode",210690,"amunger",true
"microsoft/vscode",210690,"meganrogge",false
"microsoft/vscode",210691,"Tyriar",true
"microsoft/vscode",210696,"rzhao271",true
"microsoft/vscode",210698,"Tyriar",true
"microsoft/vscode",210698,"meganrogge",false
"microsoft/vscode",210706,"joaomoreno",true
"microsoft/vscode",210708,"Tyriar",true
"microsoft/vscode",210712,"DonJayamanne",false
"microsoft/vscode",210712,"amunger",true
"microsoft/vscode",210723,"justschen",true
"microsoft/vscode",210724,"justschen",true
"microsoft/vscode",210726,"benibenj",true
"microsoft/vscode",210738,"lszomoru",true
"microsoft/vscode",210741,"joaomoreno",true
"microsoft/vscode",210750,"jrieken",true
"microsoft/vscode",210754,"joaomoreno",true
"microsoft/vscode",210756,"Tyriar",true
"microsoft/vscode",210761,"hediet",true
"microsoft/vscode",210762,"jrieken",true
"microsoft/vscode",210764,"joyceerhl",true
"microsoft/vscode",210766,"Tyriar",false
"microsoft/vscode",210766,"chrmarti",true
"microsoft/vscode",210766,"rzhao271",false
"microsoft/vscode",210767,"kalebers",true
"microsoft/vscode",210767,"rebornix",true
"microsoft/vscode",210769,"bhavyaus",true
"microsoft/vscode",210769,"chrmarti",true
"microsoft/vscode",210769,"rzhao271",true
"microsoft/vscode",210776,"rzhao271",true
"microsoft/vscode",210779,"bhavyaus",true
"microsoft/vscode",210781,"connor4312",true
"microsoft/vscode",210782,"connor4312",true
"microsoft/vscode",210784,"TylerLeonhardt",true
"microsoft/vscode",210786,"Tyriar",true
"microsoft/vscode",210788,"amunger",true
"microsoft/vscode",210790,"lramos15",true
"microsoft/vscode",210791,"TylerLeonhardt",true
"microsoft/vscode",210791,"amunger",false
"microsoft/vscode",210796,"Tyriar",false
"microsoft/vscode",210796,"bpasero",true
"microsoft/vscode",210796,"kalebers",true
"microsoft/vscode",210798,"Tyriar",true
"microsoft/vscode",210798,"rzhao271",true
"microsoft/vscode",210799,"TylerLeonhardt",true
"microsoft/vscode",210799,"rzhao271",true
"microsoft/vscode",210800,"joyceerhl",true
"microsoft/vscode",210802,"Tyriar",true
"microsoft/vscode",210802,"rzhao271",true
"microsoft/vscode",210803,"Tyriar",true
"microsoft/vscode",210805,"TylerLeonhardt",true
"microsoft/vscode",210805,"eleanorjboyd",true
"microsoft/vscode",210805,"meganrogge",true
"microsoft/vscode",210805,"phuocminhbao",true
"microsoft/vscode",210807,"Tyriar",true
"microsoft/vscode",210815,"aiday-mar",true
"microsoft/vscode",210815,"bpasero",true
"microsoft/vscode",210816,"bpasero",true
"microsoft/vscode",210831,"bpasero",true
"microsoft/vscode",210873,"sandy081",true
"microsoft/vscode",210875,"mjbvz",true
"microsoft/vscode",210875,"roblourens",true
"microsoft/vscode",210875,"whistlegraph",false
"microsoft/vscode",210879,"justschen",true
"microsoft/vscode",210882,"Tyriar",true
"microsoft/vscode",210889,"bpasero",true
"microsoft/vscode",210889,"hediet",false
"microsoft/vscode",210898,"Tyriar",true
"microsoft/vscode",210898,"alexr00",true
"microsoft/vscode",210901,"lszomoru",true
"microsoft/vscode",210905,"dbaeumer",true
"microsoft/vscode",210908,"lszomoru",true
"microsoft/vscode",210910,"sandy081",true
"microsoft/vscode",210911,"Tyriar",true
"microsoft/vscode",210917,"benibenj",true
"microsoft/vscode",210917,"sandy081",true
"microsoft/vscode",210920,"bhavyaus",true
"microsoft/vscode",210923,"justschen",true
"microsoft/vscode",210927,"justschen",true
"microsoft/vscode",210931,"bhavyaus",true
"microsoft/vscode",210934,"Tyriar",true
"microsoft/vscode",210934,"aeschli",true
"microsoft/vscode",210935,"Tyriar",true
"microsoft/vscode",210935,"aeschli",true
"microsoft/vscode",210936,"rzhao271",true
"microsoft/vscode",210938,"Tyriar",true
"microsoft/vscode",210939,"bpasero",true
"microsoft/vscode",210940,"Tyriar",true
"microsoft/vscode",210941,"bpasero",true
"microsoft/vscode",210950,"Tyriar",true
"microsoft/vscode",210952,"karthiknadig",true
"microsoft/vscode",210956,"amunger",true
"microsoft/vscode",210956,"justschen",false
"microsoft/vscode",210959,"Tyriar",true
"microsoft/vscode",210960,"amunger",true
"microsoft/vscode",210962,"rebornix",true
"microsoft/vscode",210964,"roblourens",true
"microsoft/vscode",210967,"Tyriar",true
"microsoft/vscode",210968,"mjbvz",true
"microsoft/vscode",210969,"andreamah",true
"microsoft/vscode",210969,"roblourens",true
"microsoft/vscode",210971,"EMMANUEL2811UNITEC",true
"microsoft/vscode",210971,"jrieken",true
"microsoft/vscode",210972,"jrieken",true
"microsoft/vscode",210972,"roblourens",true
"microsoft/vscode",210973,"andreamah",true
"microsoft/vscode",210974,"amunger",true
"microsoft/vscode",210976,"bhavyaus",true
"microsoft/vscode",210980,"bhavyaus",true
"microsoft/vscode",210984,"jrieken",true
"microsoft/vscode",210986,"mjbvz",true
"microsoft/vscode",210988,"jrieken",true
"microsoft/vscode",210989,"jrieken",true
"microsoft/vscode",211006,"DonJayamanne",true
"microsoft/vscode",211053,"lszomoru",true
"microsoft/vscode",211073,"hediet",true
"microsoft/vscode",211086,"bpasero",true
"microsoft/vscode",211091,"bpasero",true
"microsoft/vscode",211095,"bpasero",true
"microsoft/vscode",211117,"Tyriar",true
"microsoft/vscode",211130,"Tyriar",true
"microsoft/vscode",211135,"TylerLeonhardt",true
"microsoft/vscode",211138,"bpasero",true
"microsoft/vscode",211139,"bpasero",true
"microsoft/vscode",211140,"bpasero",true
"microsoft/vscode",211141,"Tyriar",true
"microsoft/vscode",211143,"bpasero",true
"microsoft/vscode",211146,"jrieken",true
"microsoft/vscode",211149,"jrieken",true
"microsoft/vscode",211149,"justschen",true
"microsoft/vscode",211149,"roblourens",false
"microsoft/vscode",211152,"jrieken",true
"microsoft/vscode",211160,"sandy081",true
"microsoft/vscode",211167,"Tyriar",true
"microsoft/vscode",211170,"Tyriar",true
"microsoft/vscode",211171,"Tyriar",true
"microsoft/vscode",211179,"Tyriar",true
"microsoft/vscode",211184,"jrieken",true
"microsoft/vscode",211202,"alexr00",true
"microsoft/vscode",211202,"browntarik",true
"microsoft/vscode",211202,"sandy081",true
"microsoft/vscode",211202,"sean-mcmanus",false
"microsoft/vscode",211205,"DonJayamanne",false
"microsoft/vscode",211205,"bpasero",true
"microsoft/vscode",211219,"bpasero",true
"microsoft/vscode",211231,"alexr00",true
"microsoft/vscode",211232,"bpasero",true
"microsoft/vscode",211234,"Tyriar",false
"microsoft/vscode",211234,"justschen",true
"microsoft/vscode",211234,"meganrogge",false
"microsoft/vscode",211235,"alexr00",true
"microsoft/vscode",211236,"aiday-mar",true
"microsoft/vscode",211237,"Tyriar",true
"microsoft/vscode",211238,"aiday-mar",true
"microsoft/vscode",211244,"aeschli",true
"microsoft/vscode",211250,"benibenj",true
"microsoft/vscode",211252,"joaomoreno",true
"microsoft/vscode",211253,"alexr00",true
"microsoft/vscode",211255,"alexr00",true
"microsoft/vscode",211258,"bpasero",true
"microsoft/vscode",211260,"jrieken",true
"microsoft/vscode",211263,"bpasero",true
"microsoft/vscode",211265,"bpasero",true
"microsoft/vscode",211269,"jrieken",true
"microsoft/vscode",211273,"Tyriar",true
"microsoft/vscode",211273,"connor4312",true
"microsoft/vscode",211275,"Tyriar",true
"microsoft/vscode",211276,"Tyriar",true
"microsoft/vscode",211281,"justschen",true
"microsoft/vscode",211282,"justschen",true
"microsoft/vscode",211283,"connor4312",true
"microsoft/vscode",211284,"connor4312",true
"microsoft/vscode",211285,"Tyriar",true
"microsoft/vscode",211287,"Tyriar",true
"microsoft/vscode",211294,"rzhao271",true
"microsoft/vscode",211295,"joyceerhl",true
"microsoft/vscode",211296,"joyceerhl",true
"microsoft/vscode",211300,"joyceerhl",false
"microsoft/vscode",211300,"lramos15",true
"microsoft/vscode",211301,"Tyriar",true
"microsoft/vscode",211303,"bpasero",true
"microsoft/vscode",211316,"bpasero",true
"microsoft/vscode",211319,"dbaeumer",true
"microsoft/vscode",211323,"aiday-mar",true
"microsoft/vscode",211324,"hediet",true
"microsoft/vscode",211326,"hediet",true
"microsoft/vscode",211326,"sandy081",false
"microsoft/vscode",211327,"bpasero",true
"microsoft/vscode",211328,"bpasero",true
"microsoft/vscode",211328,"justschen",true
"microsoft/vscode",211329,"bpasero",true
"microsoft/vscode",211329,"justschen",true
"microsoft/vscode",211331,"alexr00",true
"microsoft/vscode",211332,"alexr00",true
"microsoft/vscode",211333,"alexr00",true
"microsoft/vscode",211335,"alexr00",true
"microsoft/vscode",211340,"bpasero",true
"microsoft/vscode",211354,"Tyriar",true
"microsoft/vscode",211356,"bpasero",true
"microsoft/vscode",211365,"aiday-mar",true
"microsoft/vscode",211371,"justschen",true
"microsoft/vscode",211373,"Tyriar",true
"microsoft/vscode",211379,"sandy081",true
"microsoft/vscode",211382,"Tyriar",true
"microsoft/vscode",211382,"cpendery",false
"microsoft/vscode",211382,"rzhao271",true
"microsoft/vscode",211385,"Tyriar",true
"microsoft/vscode",211391,"TylerLeonhardt",true
"microsoft/vscode",211392,"mjbvz",true
"microsoft/vscode",211395,"andreamah",true
"microsoft/vscode",211396,"lramos15",true
"microsoft/vscode",211398,"andreamah",true
"microsoft/vscode",211399,"TylerLeonhardt",false
"microsoft/vscode",211399,"joaomoreno",true
"microsoft/vscode",211407,"DonJayamanne",true
"microsoft/vscode",211407,"kalebers",true
"microsoft/vscode",211417,"DonJayamanne",true
"microsoft/vscode",211419,"DonJayamanne",true
"microsoft/vscode",211429,"justschen",true
"microsoft/vscode",211435,"benibenj",true
"microsoft/vscode",211436,"benibenj",true
"microsoft/vscode",211439,"Tyriar",true
"microsoft/vscode",211440,"aeschli",true
"microsoft/vscode",211440,"benibenj",true
"microsoft/vscode",211448,"aeschli",true
"microsoft/vscode",211449,"Tyriar",false
"microsoft/vscode",211449,"meganrogge",true
"microsoft/vscode",211451,"aeschli",true
"microsoft/vscode",211456,"lramos15",true
"microsoft/vscode",211457,"Tyriar",true
"microsoft/vscode",211471,"rzhao271",true
"microsoft/vscode",211475,"andreamah",true
"microsoft/vscode",211476,"rzhao271",true
"microsoft/vscode",211477,"meganrogge",false
"microsoft/vscode",211477,"roblourens",true
"microsoft/vscode",211481,"rzhao271",true
"microsoft/vscode",211484,"rzhao271",true
"microsoft/vscode",211487,"bhavyaus",true
"microsoft/vscode",211490,"bhavyaus",true
"microsoft/vscode",211490,"roblourens",true
"microsoft/vscode",211492,"rzhao271",true
"microsoft/vscode",211495,"bhavyaus",true
"microsoft/vscode",211495,"lramos15",true
"microsoft/vscode",211496,"Tyriar",true
"microsoft/vscode",211498,"Tyriar",true
"microsoft/vscode",211499,"lramos15",true
"microsoft/vscode",211500,"Tyriar",true
"microsoft/vscode",211500,"bhavyaus",false
"microsoft/vscode",211505,"amunger",true
"microsoft/vscode",211523,"Tyriar",true
"microsoft/vscode",211523,"benibenj",false
"microsoft/vscode",211524,"deepak1556",true
"microsoft/vscode",211532,"TylerLeonhardt",true
"microsoft/vscode",211539,"bhavyaus",true
"microsoft/vscode",211540,"bhavyaus",true
"microsoft/vscode",211541,"bhavyaus",true
"microsoft/vscode",211571,"DonJayamanne",true
"microsoft/vscode",211571,"bpasero",false
"microsoft/vscode",211572,"roblourens",true
"microsoft/vscode",211580,"bpasero",true
"microsoft/vscode",211591,"DonJayamanne",false
"microsoft/vscode",211591,"mjbvz",true
"microsoft/vscode",211593,"bpasero",true
"microsoft/vscode",211607,"lszomoru",true
"microsoft/vscode",211608,"lszomoru",true
"microsoft/vscode",211611,"lszomoru",true
"microsoft/vscode",211614,"benibenj",true
"microsoft/vscode",211614,"bpasero",true
"microsoft/vscode",211617,"benibenj",true
"microsoft/vscode",211617,"kalebers",true
"microsoft/vscode",211620,"lszomoru",true
"microsoft/vscode",211624,"Tyriar",true
"microsoft/vscode",211625,"sandy081",true
"microsoft/vscode",211628,"chrmarti",true
"microsoft/vscode",211629,"chrmarti",true
"microsoft/vscode",211634,"dbaeumer",true
"microsoft/vscode",211643,"alexr00",true
"microsoft/vscode",211648,"Tyriar",true
"microsoft/vscode",211650,"Tyriar",true
"microsoft/vscode",211651,"justschen",true
"microsoft/vscode",211652,"justschen",true
"microsoft/vscode",211653,"justschen",true
"microsoft/vscode",211654,"mjbvz",true
"microsoft/vscode",211658,"amunger",true
"microsoft/vscode",211659,"lramos15",true
"microsoft/vscode",211661,"bhavyaus",true
"microsoft/vscode",211663,"lramos15",true
"microsoft/vscode",211664,"rzhao271",true
"microsoft/vscode",211665,"bpasero",true
"microsoft/vscode",211665,"connor4312",false
"microsoft/vscode",211666,"lszomoru",true
"microsoft/vscode",211666,"mjbvz",true
"microsoft/vscode",211669,"mjbvz",false
"microsoft/vscode",211669,"rzhao271",true
"microsoft/vscode",211669,"songjianet",true
"microsoft/vscode",211670,"rzhao271",true
"microsoft/vscode",211673,"rzhao271",true
"microsoft/vscode",211676,"rzhao271",true
"microsoft/vscode",211677,"rzhao271",true
"microsoft/vscode",211681,"roblourens",true
"microsoft/vscode",211682,"connor4312",true
"microsoft/vscode",211687,"bpasero",true
"microsoft/vscode",211689,"aeschli",true
"microsoft/vscode",211690,"lramos15",true
"microsoft/vscode",211696,"chrmarti",true
"microsoft/vscode",211712,"aeschli",true
"microsoft/vscode",211712,"benibenj",false
"microsoft/vscode",211712,"bpasero",false
"microsoft/vscode",211716,"justschen",true
"microsoft/vscode",211722,"amunger",true
"microsoft/vscode",211723,"bpasero",true
"microsoft/vscode",211728,"justschen",true
"microsoft/vscode",211732,"rzhao271",true
"microsoft/vscode",211740,"justschen",true
"microsoft/vscode",211741,"DonJayamanne",true
"microsoft/vscode",211741,"Qadeem411",true
"microsoft/vscode",211741,"Yoyokrazy",false
"microsoft/vscode",211751,"amunger",false
"microsoft/vscode",211751,"roblourens",true
"microsoft/vscode",211752,"jrieken",true
"microsoft/vscode",211754,"Tyriar",true
"microsoft/vscode",211754,"jrieken",false
"microsoft/vscode",211754,"meganrogge",false
"microsoft/vscode",211756,"TylerLeonhardt",false
"microsoft/vscode",211756,"joyceerhl",true
"microsoft/vscode",211756,"kalebers",true
"microsoft/vscode",211757,"bpasero",true
"microsoft/vscode",211758,"paperair123",true
"microsoft/vscode",211758,"rebornix",true
"microsoft/vscode",211760,"amunger",true
"microsoft/vscode",211770,"lramos15",true
"microsoft/vscode",211787,"justschen",true
"microsoft/vscode",211793,"bhavyaus",true
"microsoft/vscode",211793,"daviddossett",false
"microsoft/vscode",211793,"joyceerhl",false
"microsoft/vscode",211793,"roblourens",false
"microsoft/vscode",211799,"Tyriar",true
"microsoft/vscode",211803,"Tyriar",true
"microsoft/vscode",211804,"justschen",true
"microsoft/vscode",211804,"mjbvz",false
"microsoft/vscode",211808,"anthonykim1",true
"microsoft/vscode",211810,"karthiknadig",true
"microsoft/vscode",211816,"rzhao271",true
"microsoft/vscode",211817,"DonJayamanne",true
"microsoft/vscode",211830,"aeschli",true
"microsoft/vscode",211835,"aeschli",true
"microsoft/vscode",211839,"dbaeumer",true
"microsoft/vscode",211843,"bpasero",true
"microsoft/vscode",211848,"rebornix",false
"microsoft/vscode",211848,"roblourens",true
"microsoft/vscode",211855,"aeschli",true
"microsoft/vscode",211855,"connor4312",true
"microsoft/vscode",211858,"meganrogge",true
"microsoft/vscode",211860,"roblourens",true
"microsoft/vscode",211861,"rebornix",true
"microsoft/vscode",211865,"justschen",true
"microsoft/vscode",211870,"andreamah",true
"microsoft/vscode",211873,"joyceerhl",true
"microsoft/vscode",211874,"meganrogge",true
"microsoft/vscode",211875,"Tyriar",true
"microsoft/vscode",211879,"Tyriar",true
"microsoft/vscode",211880,"roblourens",true
"microsoft/vscode",211886,"connor4312",true
"microsoft/vscode",211889,"bhavyaus",true
"microsoft/vscode",211893,"DonJayamanne",true
"microsoft/vscode",211895,"TylerLeonhardt",true
"microsoft/vscode",211895,"connor4312",true
"microsoft/vscode",211895,"roblourens",false
"microsoft/vscode",211896,"DonJayamanne",true
"microsoft/vscode",211897,"TylerLeonhardt",true
"microsoft/vscode",211902,"chrmarti",true
"microsoft/vscode",211913,"alexr00",true
"microsoft/vscode",211918,"sandy081",true
"microsoft/vscode",211920,"chrmarti",true
"microsoft/vscode",211927,"sandy081",true
"microsoft/vscode",211929,"chrmarti",true
"microsoft/vscode",211930,"alexr00",true
"microsoft/vscode",211936,"alexr00",true
"microsoft/vscode",211937,"aeschli",true
"microsoft/vscode",211938,"hediet",true
"microsoft/vscode",211940,"deepak1556",true
"microsoft/vscode",211941,"aeschli",true
"microsoft/vscode",211944,"alexr00",true
"microsoft/vscode",211946,"lramos15",true
"microsoft/vscode",211958,"Brianm93",false
"microsoft/vscode",211958,"aeschli",true
"microsoft/vscode",211958,"chrmarti",true
"microsoft/vscode",211958,"mohankumarelec",false
"microsoft/vscode",211960,"meganrogge",true
"microsoft/vscode",211962,"meganrogge",true
"microsoft/vscode",211963,"meganrogge",true
"microsoft/vscode",211967,"Tyriar",true
"microsoft/vscode",211967,"meganrogge",true
"microsoft/vscode",211968,"deepak1556",true
"microsoft/vscode",211973,"meganrogge",false
"microsoft/vscode",211973,"mjbvz",true
"microsoft/vscode",211975,"Tyriar",true
"microsoft/vscode",211978,"Tyriar",true
"microsoft/vscode",211982,"roblourens",true
"microsoft/vscode",211986,"Tyriar",true
"microsoft/vscode",211990,"amunger",false
"microsoft/vscode",211990,"andreamah",true
"microsoft/vscode",211991,"Tyriar",true
"microsoft/vscode",211992,"andreamah",true
"microsoft/vscode",211993,"TylerLeonhardt",true
"microsoft/vscode",211997,"lszomoru",true
"microsoft/vscode",211999,"amunger",true
"microsoft/vscode",211999,"mjbvz",true
"microsoft/vscode",212000,"lszomoru",true
"microsoft/vscode",212002,"kalebers",true
"microsoft/vscode",212002,"rebornix",true
"microsoft/vscode",212068,"chrmarti",true
"microsoft/vscode",212075,"sandy081",true
"microsoft/vscode",212081,"lszomoru",true
"microsoft/vscode",212082,"roblourens",true
"microsoft/vscode",212084,"lszomoru",true
"microsoft/vscode",212085,"Chukwumaelesachi",true
"microsoft/vscode",212085,"Qadeem411",true
"microsoft/vscode",212085,"sandy081",true
"microsoft/vscode",212086,"lszomoru",true
"microsoft/vscode",212088,"lszomoru",true
"microsoft/vscode",212096,"bpasero",true
"microsoft/vscode",212097,"chrmarti",true
"microsoft/vscode",212098,"bhavyaus",true
"microsoft/vscode",212102,"bhavyaus",true
"microsoft/vscode",212102,"joaomoreno",true
"microsoft/vscode",212104,"bhavyaus",true
"microsoft/vscode",212106,"hediet",true
"microsoft/vscode",212110,"rzhao271",true
"microsoft/vscode",212117,"rzhao271",true
"microsoft/vscode",212119,"lramos15",true
"microsoft/vscode",212120,"kalebers",true
"microsoft/vscode",212120,"mjbvz",true
"microsoft/vscode",212120,"rebornix",false
"microsoft/vscode",212121,"amunger",true
"microsoft/vscode",212121,"bpasero",false
"microsoft/vscode",212134,"justschen",true
"microsoft/vscode",212137,"justschen",true
"microsoft/vscode",212138,"DonJayamanne",true
"microsoft/vscode",212140,"DonJayamanne",false
"microsoft/vscode",212140,"kieferrm",true
"microsoft/vscode",212148,"alexdima",true
"microsoft/vscode",212153,"jrieken",true
"microsoft/vscode",212158,"aeschli",true
"microsoft/vscode",212158,"jrieken",true
"microsoft/vscode",212158,"kalebers",true
"microsoft/vscode",212161,"lszomoru",true
"microsoft/vscode",212163,"bhavyaus",true
"microsoft/vscode",212163,"meganrogge",true
"microsoft/vscode",212170,"jrieken",true
"microsoft/vscode",212176,"sandy081",true
"microsoft/vscode",212177,"bhavyaus",true
"microsoft/vscode",212178,"rzhao271",true
"microsoft/vscode",212185,"jrieken",true
"microsoft/vscode",212190,"mjbvz",true
"microsoft/vscode",212192,"aeschli",true
"microsoft/vscode",212193,"amunger",false
"microsoft/vscode",212193,"bpasero",false
"microsoft/vscode",212193,"rebornix",true
"microsoft/vscode",212199,"bpasero",true
"microsoft/vscode",212203,"amunger",true
"microsoft/vscode",212212,"aeschli",true
"microsoft/vscode",212212,"bhavyaus",false
"microsoft/vscode",212214,"mjbvz",true
"microsoft/vscode",212215,"bhavyaus",true
"microsoft/vscode",212216,"roblourens",true
"microsoft/vscode",212217,"roblourens",true
"microsoft/vscode",212218,"aeschli",true
"microsoft/vscode",212218,"alexdima",true
"microsoft/vscode",212218,"jrieken",true
"microsoft/vscode",212225,"rebornix",true
"microsoft/vscode",212237,"isidorn",true
"microsoft/vscode",212248,"TylerLeonhardt",false
"microsoft/vscode",212248,"sandy081",true
"microsoft/vscode",212250,"chrmarti",true
"microsoft/vscode",212254,"lszomoru",true
"microsoft/vscode",212262,"jrieken",true
"microsoft/vscode",212264,"jrieken",true
"microsoft/vscode",212266,"bhavyaus",true
"microsoft/vscode",212266,"roblourens",false
"microsoft/vscode",212268,"TylerLeonhardt",true
"microsoft/vscode",212268,"rzhao271",true
"microsoft/vscode",212269,"jrieken",true
"microsoft/vscode",212270,"TylerLeonhardt",true
"microsoft/vscode",212273,"TylerLeonhardt",true
"microsoft/vscode",212277,"bpasero",true
"microsoft/vscode",212283,"roblourens",true
"microsoft/vscode",212284,"rzhao271",true
"microsoft/vscode",212300,"connor4312",true
"microsoft/vscode",212300,"joyceerhl",false
"microsoft/vscode",212300,"roblourens",false
"microsoft/vscode",212305,"kalebers",true
"microsoft/vscode",212305,"rebornix",true
"microsoft/vscode",212311,"mjbvz",true
"microsoft/vscode",212315,"bpasero",true
"microsoft/vscode",212325,"ALbnli",true
"microsoft/vscode",212325,"bpasero",false
"microsoft/vscode",212325,"roblourens",true
"microsoft/vscode",212330,"deepak1556",true
"microsoft/vscode",212347,"Tyriar",true
"microsoft/vscode",212347,"andreamah",true
"microsoft/vscode",212347,"lramos15",true
"microsoft/vscode",212347,"tisilent",false
"microsoft/vscode",212365,"Yoyokrazy",false
"microsoft/vscode",212365,"justschen",true
"microsoft/vscode",212367,"bhavyaus",true
"microsoft/vscode",212370,"Yoyokrazy",true
"microsoft/vscode",212372,"bhavyaus",true
"microsoft/vscode",212373,"rzhao271",true
"microsoft/vscode",212385,"rzhao271",true
"microsoft/vscode",212387,"andreamah",true
"microsoft/vscode",212387,"roblourens",false
"microsoft/vscode",212391,"roblourens",true
"microsoft/vscode",212397,"TylerLeonhardt",true
"microsoft/vscode",212398,"justschen",true
"microsoft/vscode",212399,"justschen",true
"microsoft/vscode",212400,"justschen",true
"microsoft/vscode",212401,"sandy081",true
"microsoft/vscode",212402,"justschen",true
"microsoft/vscode",212403,"justschen",true
"microsoft/vscode",212411,"bpasero",true
"microsoft/vscode",212412,"joaomoreno",true
"microsoft/vscode",212416,"joaomoreno",true
"microsoft/vscode",212445,"alexdima",true
"microsoft/vscode",212445,"bpasero",true
"microsoft/vscode",212451,"sandy081",true
"microsoft/vscode",212452,"isidorn",true
"microsoft/vscode",212453,"justschen",true
"microsoft/vscode",212456,"TylerLeonhardt",true
"microsoft/vscode",212458,"TylerLeonhardt",true
"microsoft/vscode",212459,"bpasero",true
"microsoft/vscode",212460,"TylerLeonhardt",true
"microsoft/vscode",212464,"roblourens",true
"microsoft/vscode",212466,"rebornix",true
"microsoft/vscode",212469,"bhavyaus",true
"microsoft/vscode",212471,"Sapientia-PT",false
"microsoft/vscode",212471,"aeschli",true
"microsoft/vscode",212471,"benibenj",true
"microsoft/vscode",212472,"bhavyaus",true
"microsoft/vscode",212472,"sandy081",false
"microsoft/vscode",212473,"TylerLeonhardt",true
"microsoft/vscode",212473,"roblourens",false
"microsoft/vscode",212476,"bhavyaus",true
"microsoft/vscode",212478,"TylerLeonhardt",true
"microsoft/vscode",212480,"joyceerhl",true
"microsoft/vscode",212480,"jrieken",true
"microsoft/vscode",212480,"kalebers",true
"microsoft/vscode",212499,"Tyriar",true
"microsoft/vscode",212499,"jrieken",false
"microsoft/vscode",212499,"roblourens",true
"microsoft/vscode",212499,"thegecko",false
"microsoft/vscode",212500,"bpasero",true
"microsoft/vscode",212500,"roblourens",true
"microsoft/vscode",212504,"bpasero",true
"microsoft/vscode",212505,"hediet",true
"microsoft/vscode",212516,"sandy081",true
"microsoft/vscode",212531,"amunger",true
"microsoft/vscode",212531,"mjbvz",true
"microsoft/vscode",212532,"bpasero",true
"microsoft/vscode",212537,"dbaeumer",true
"microsoft/vscode",212547,"aeschli",true
"microsoft/vscode",212547,"mjbvz",true
"microsoft/vscode",212547,"sandy081",true
"microsoft/vscode",212574,"jrieken",true
"microsoft/vscode",212576,"bpasero",true
"microsoft/vscode",212580,"chrmarti",true
"microsoft/vscode",212580,"joaomoreno",false
"microsoft/vscode",212584,"alexr00",true
"microsoft/vscode",212588,"dbaeumer",true
"microsoft/vscode",212589,"aeschli",true
"microsoft/vscode",212591,"jrieken",true
"microsoft/vscode",212593,"sandy081",true
"microsoft/vscode",212594,"bpasero",true
"microsoft/vscode",212595,"bpasero",true
"microsoft/vscode",212596,"alexdima",true
"microsoft/vscode",212603,"benibenj",true
"microsoft/vscode",212607,"alexr00",true
"microsoft/vscode",212610,"dbaeumer",true
"microsoft/vscode",212611,"bhavyaus",true
"microsoft/vscode",212612,"roblourens",true
"microsoft/vscode",212615,"amunger",true
"microsoft/vscode",212617,"aeschli",true
"microsoft/vscode",212618,"aeschli",true
"microsoft/vscode",212619,"daviddossett",true
"microsoft/vscode",212621,"aeschli",true
"microsoft/vscode",212623,"daviddossett",true
"microsoft/vscode",212624,"joyceerhl",true
"microsoft/vscode",212625,"bpasero",true
"microsoft/vscode",212626,"roblourens",true
"microsoft/vscode",212630,"roblourens",true
"microsoft/vscode",212631,"jrieken",true
"microsoft/vscode",212632,"roblourens",true
"microsoft/vscode",212636,"roblourens",true
"microsoft/vscode",212639,"bhavyaus",true
"microsoft/vscode",212639,"roblourens",false
"microsoft/vscode",212640,"DonJayamanne",true
"microsoft/vscode",212640,"roblourens",false
"microsoft/vscode",212641,"connor4312",true
"microsoft/vscode",212642,"bhavyaus",true
"microsoft/vscode",212643,"andreamah",true
"microsoft/vscode",212646,"daviddossett",true
"microsoft/vscode",212648,"justschen",true
"microsoft/vscode",212652,"dbaeumer",true
"microsoft/vscode",212652,"joyceerhl",false
"microsoft/vscode",212652,"justschen",false
"microsoft/vscode",212652,"roblourens",false
"microsoft/vscode",212653,"sandy081",true
"microsoft/vscode",212657,"bpasero",true
"microsoft/vscode",212657,"joyceerhl",false
"microsoft/vscode",212657,"kalebers",true
"microsoft/vscode",212657,"songjianet",true
"microsoft/vscode",212668,"jrieken",true
"microsoft/vscode",212670,"lszomoru",true
"microsoft/vscode",212675,"jrieken",true
"microsoft/vscode",212677,"alexr00",true
"microsoft/vscode",212680,"aeschli",true
"microsoft/vscode",212693,"alexr00",true
"microsoft/vscode",212705,"aeschli",true
"microsoft/vscode",212710,"roblourens",true
"microsoft/vscode",212715,"amunger",true
"microsoft/vscode",212719,"hediet",true
"microsoft/vscode",212722,"bhavyaus",true
"microsoft/vscode",212724,"bhavyaus",true
"microsoft/vscode",212726,"bhavyaus",true
"microsoft/vscode",212732,"justschen",true
"microsoft/vscode",212733,"meganrogge",true
"microsoft/vscode",212734,"meganrogge",true
"microsoft/vscode",212735,"lszomoru",true
"microsoft/vscode",212739,"lszomoru",true
"microsoft/vscode",212741,"daviddossett",true
"microsoft/vscode",212743,"daviddossett",true
"microsoft/vscode",212745,"roblourens",true
"microsoft/vscode",212747,"bhavyaus",true
"microsoft/vscode",212748,"joyceerhl",true
"microsoft/vscode",212750,"rebornix",true
"microsoft/vscode",212751,"justschen",true
"microsoft/vscode",212752,"mjbvz",true
"microsoft/vscode",212752,"rzhao271",true
"microsoft/vscode",212755,"lramos15",true
"microsoft/vscode",212756,"roblourens",true
"microsoft/vscode",212757,"joyceerhl",true
"microsoft/vscode",212759,"joyceerhl",true
"microsoft/vscode",212761,"joyceerhl",true
"microsoft/vscode",212762,"andreamah",true
"microsoft/vscode",212762,"justschen",false
"microsoft/vscode",212763,"justschen",true
"microsoft/vscode",212775,"aeschli",true
"microsoft/vscode",212776,"aeschli",true
"microsoft/vscode",212776,"lszomoru",true
"microsoft/vscode",212777,"aeschli",true
"microsoft/vscode",212781,"bpasero",true
"microsoft/vscode",212783,"aiday-mar",false
"microsoft/vscode",212783,"meganrogge",true
"microsoft/vscode",212783,"songjianet",true
"microsoft/vscode",212790,"jrieken",true
"microsoft/vscode",212791,"jrieken",true
"microsoft/vscode",212795,"bpasero",true
"microsoft/vscode",212796,"alexr00",true
"microsoft/vscode",212799,"alexr00",true
"microsoft/vscode",212800,"alexr00",true
"microsoft/vscode",212807,"bpasero",true
"microsoft/vscode",212810,"deepak1556",true
"microsoft/vscode",212810,"jrieken",false
"microsoft/vscode",212810,"sandy081",false
"microsoft/vscode",212811,"bpasero",true
"microsoft/vscode",212815,"aeschli",true
"microsoft/vscode",212818,"aeschli",false
"microsoft/vscode",212818,"sandy081",true
"microsoft/vscode",212821,"amunger",true
"microsoft/vscode",212822,"bhavyaus",true
"microsoft/vscode",212824,"joyceerhl",true
"microsoft/vscode",212825,"jrieken",true
"microsoft/vscode",212829,"mjbvz",true
"microsoft/vscode",212831,"justschen",true
"microsoft/vscode",212834,"alexr00",true
"microsoft/vscode",212834,"hediet",false
"microsoft/vscode",212834,"meganrogge",false
"microsoft/vscode",212837,"roblourens",true
"microsoft/vscode",212837,"songjianet",true
"microsoft/vscode",212843,"bhavyaus",true
"microsoft/vscode",212847,"Yoyokrazy",true
"microsoft/vscode",212848,"Yoyokrazy",true
"microsoft/vscode",212849,"Yoyokrazy",false
"microsoft/vscode",212849,"joyceerhl",true
"microsoft/vscode",212850,"andreamah",true
"microsoft/vscode",212851,"kieferrm",true
"microsoft/vscode",212852,"kieferrm",true
"microsoft/vscode",212854,"joyceerhl",false
"microsoft/vscode",212854,"roblourens",true
"microsoft/vscode",212859,"jrieken",true
"microsoft/vscode",212862,"lszomoru",true
"microsoft/vscode",212865,"bpasero",true
"microsoft/vscode",212865,"lramos15",true
"microsoft/vscode",212868,"jrieken",true
"microsoft/vscode",212870,"aeschli",true
"microsoft/vscode",212871,"aeschli",true
"microsoft/vscode",212872,"bpasero",true
"microsoft/vscode",212873,"jrieken",true
"microsoft/vscode",212878,"dbaeumer",true
"microsoft/vscode",212880,"dbaeumer",true
"microsoft/vscode",212886,"dbaeumer",true
"microsoft/vscode",212890,"dbaeumer",true
"microsoft/vscode",212895,"joaomoreno",true
"microsoft/vscode",212897,"bpasero",true
"microsoft/vscode",212900,"joyceerhl",true
"microsoft/vscode",212901,"jrieken",true
"microsoft/vscode",212902,"Aleksanrd140792",true
"microsoft/vscode",212902,"jrieken",true
"microsoft/vscode",212906,"aeschli",true
"microsoft/vscode",212913,"SimonSiefke",false
"microsoft/vscode",212913,"jrieken",true
"microsoft/vscode",212913,"lszomoru",true
"microsoft/vscode",212916,"bpasero",true
"microsoft/vscode",212922,"justschen",true
"microsoft/vscode",212927,"lramos15",true
"microsoft/vscode",212927,"mjbvz",true
"microsoft/vscode",212927,"songjianet",true
"microsoft/vscode",212929,"roblourens",true
"microsoft/vscode",212930,"benibenj",false
"microsoft/vscode",212930,"bpasero",true
"microsoft/vscode",212930,"dbaeumer",true
"microsoft/vscode",212932,"Yoyokrazy",true
"microsoft/vscode",212933,"meganrogge",false
"microsoft/vscode",212933,"roblourens",true
"microsoft/vscode",212935,"lramos15",true
"microsoft/vscode",212936,"alexdima",true
"microsoft/vscode",212936,"bpasero",true
"microsoft/vscode",212942,"bpasero",true
"microsoft/vscode",212946,"chrmarti",true
"microsoft/vscode",212948,"dbaeumer",true
"microsoft/vscode",212951,"Israelmovi",true
"microsoft/vscode",212951,"andreamah",false
"microsoft/vscode",212951,"bpasero",false
"microsoft/vscode",212951,"justschen",false
"microsoft/vscode",212951,"rebornix",true
"microsoft/vscode",212955,"benibenj",false
"microsoft/vscode",212955,"bpasero",true
"microsoft/vscode",212955,"deepak1556",true
"microsoft/vscode",212955,"kalebers",true
"microsoft/vscode",212970,"jrieken",true
"microsoft/vscode",212972,"sandy081",true
"microsoft/vscode",212974,"lramos15",true
"microsoft/vscode",212975,"mjbvz",true
"microsoft/vscode",212982,"lszomoru",true
"microsoft/vscode",212986,"connor4312",true
"microsoft/vscode",212989,"connor4312",true
"microsoft/vscode",212991,"connor4312",true
"microsoft/vscode",212993,"roblourens",true
"microsoft/vscode",212997,"meganrogge",false
"microsoft/vscode",212997,"roblourens",true
"microsoft/vscode",213002,"lszomoru",true
"microsoft/vscode",213010,"bpasero",true
"microsoft/vscode",213021,"bpasero",true
"microsoft/vscode",213031,"bpasero",true
"microsoft/vscode",213031,"lszomoru",true
"microsoft/vscode",213033,"benibenj",true
"microsoft/vscode",213033,"bpasero",true
"microsoft/vscode",213033,"bsShoham",false
